ew_mass,sq_mass,eff,eff_err
150,700,0.0001,0.000100000222207
150,800,0.0001,0.0001000000629148
150,900,0.0001,0.0001000000630633
150,1000,0.0,0.0
150,1100,0.0,0.0
150,1200,0.0,0.0
150,1300,0.0,0.0
150,1400,0.0001999997724206,0.0001414212132387
150,1500,0.0,0.0
150,1600,0.0002,0.0001414212437528
150,1700,0.0,0.0
150,1800,0.0002000002135075,0.0001414213089535
150,2000,0.0001999999999999,0.0001414212335942
150,2200,0.0,0.0
250,700,0.0,0.0
250,800,0.0,0.0
250,900,0.0,0.0
250,1000,0.0001,9.999983927688618e-05
250,1100,0.0,0.0
250,1200,0.0,0.0
250,1300,0.0,0.0
250,1400,0.0,0.0
250,1500,0.0001,9.9999982406696e-05
250,1600,0.0003999994389477,0.0002000002261079
250,1700,0.0001,5.773478768059525e-05
250,1800,0.0,0.0
250,2000,0.0003000009408397,0.0001732049738633
250,2200,0.0002999992345332,0.0001732044458209
400,700,0.0,0.0
400,800,0.0,0.0
400,1300,0.0,0.0
400,1400,0.0,0.0
400,1500,0.0,0.0
400,1800,0.0,0.0
400,2000,0.0001,9.999990960758668e-05
400,2200,0.0003000005398024,0.0001732050622285
500,700,0.0,0.0
500,800,0.0,0.0
500,900,0.0,0.0
500,1000,0.0,0.0
500,1100,0.0,0.0
500,1200,0.0001,0.0001000000242418
500,1300,0.000199999733396,0.0001414212266079
500,1400,0.0001,9.999998082733812e-05
500,1500,0.0,0.0
500,1600,0.0001999991806367,0.0001414209948987
500,1700,0.0001,0.0001000000122396
500,1800,0.0001,0.0001000000697879
500,2000,0.0002,0.0001414215002475
600,700,0.0,0.0
600,800,0.0,0.0
600,900,0.0,0.0
600,1300,0.0001,9.999999541164764e-05
600,1400,0.0002,0.0001414214230995
600,1500,0.0,0.0
600,1800,0.0,0.0
600,2000,0.0001,0.0001000001303653
700,700,0.0,0.0
700,800,0.0,0.0
700,900,0.0,0.0
700,1000,0.0001,0.0001000000803756
700,1100,0.0,0.0
700,1200,0.0,0.0
700,1300,0.0001,9.999991874589526e-05
700,1400,0.0001,0.0001000001753706
700,1500,0.0001,9.999951080387864e-05
700,1600,0.0001999995275843,0.0001414212368007
700,1700,9.999999999999998e-05,9.999996609287496e-05
700,1800,0.0003000007133698,0.0001732052192461
700,2000,0.0001,0.0001000002321767
800,800,0.0,0.0
800,900,0.0,0.0
800,1000,0.0,0.0
800,1100,0.0,0.0
800,1200,0.0,0.0
800,1300,0.0,0.0
800,1400,0.0002,0.0001414213224613
800,1500,9.999999999999998e-05,0.0001000000340512
800,1600,0.0002000005888732,0.0001414213220361
800,1700,0.0,0.0
800,1800,0.0,0.0
800,2000,0.0001,0.0001000000351603
900,900,0.0,0.0
900,1000,0.0,0.0
900,1100,0.0,0.0
900,1200,0.0001,0.0001000000439029
900,1300,0.0,0.0
900,1400,0.0,0.0
900,1500,0.0001,9.99999225709182e-05
900,1600,0.0001,9.999991606726156e-05
1000,1000,0.0,0.0
1000,1100,0.0,0.0
